Champion,Win Rate,Games Played
Kayle,0.75,88
Morgana,0.6222222222222222,180
Renata Glasc,0.6170212765957447,423
Rek'Sai,0.6143057503506312,2139
Evelynn,0.6142857142857143,70
Annie,0.6085011185682326,447
Nunu & Willump,0.6084183673469388,784
Tahm Kench,0.6068376068376068,234
Skarner,0.6066123622424533,6261
Thresh,0.6063257065948856,2972
